#Mon Aug 11 19:40:56 EST 2014
+\ Newcastle,\ Wollongong=+ Newcastle, Wollongong
Rennes,\ France=Rennes, France
Portland,\ OR,\ USA=Portland, OR, USA
Canberra,\ ACT,\ Australia=Canberra, ACT, Australie
Christchurch,\ New\ Zealand=Christchurch, Nouvelle-Zélande
Edmonton,\ AB,\ Canada=Edmonton, AB, Canada
Ho\ Chi\ Minh\ City,\ Vietnam=Ho Chi Minh City, Vietnam
+\ Timaru=+ Timaru
Tampa,\ FL,\ USA=Tampa, FL, USA
Perth,\ WA,\ Perth=Perth, WA, Perth
Thunder\ Bay,\ ON,\ Canada=Thunder Bay, ON, Canada
Cairns,\ QLD,\ Australia=Cairns, QLD, Australie
Houston,\ TX,\ USA=Houston, TX, USA
Washington,\ DC,\ USA=Washington, DC, USA
Boston,\ MA,\ USA=Boston, MA, USA
Austin,\ TX,\ USA=Austin, TX, USA
+\ Fort\ Worth=+ Fort Worth
Melbourne,\ VIC,\ Australia=Melbourne, VIC, Australie
Hobart,\ TAS,\ Australia=Hobart, TAS, Australie
Brisbane,\ QLD,\ Australia=Brisbane, QLD, Australie
Dublin,\ Ireland=Dublin, Irlande
Manchester,\ UK=Manchester, RU
+\ San\ Jose,\ Oakland=+ San Jose, Oakland
+\ Fort\ Lauderdale,\ Key\ Largo=+ Fort Lauderdale, Key Largo
Halifax,\ NS,\ Canada=Halifax, NS, Canada
+\ Bradenton,\ Sarasota,\ St.\ Petersburg=+ Bradenton, Sarasota, St-Pétesbourg
Denver,\ CO,\ USA=Denver, CO, USA
Chicago,\ IL,\ USA=Chicago, IL, USA
+\ Townsville,\ Mackay=+ Townsville, Mackay
Toronto,\ ON,\ Canada=Toronto, ON, Canada
Sydney,\ NSW,\ Australia=Sydney, NSW, Australie
Philadelphia,\ PA,\ USA=Philadelphie, PA, USA
Los\ Angeles,\ CA,\ USA=Los Angeles, CA, USA
Wellington,\ New\ Zealand=Wellington, Nouvelle-Zélande
+\ Cocoa\ Beach,\ Cape\ Canaveral,\ Melbourne=+ Cocoa Beach, Cape Canaveral, Melbourne
San\ Francisco,\ CA,\ USA=San Francisco, CA, USA
+\ Gold\ Coast,\ Sunshine\ Coast=+ Gold Coast, Sunshine Coast
Berlin,\ Germany=Berlin, Allemagne
Victoria,\ BC,\ Canada=Victoria, BC, Canada
Adelaide,\ SA,\ Australia=Adelaïde, SA, Australie
Miami,\ FL,\ USA=Miami, FL, USA
Auckland,\ New\ Zealand=Auckland, Nouvelle-Zélande
Toulouse,\ France=Toulouse, France
+\ St.\ Paul=+ St Paul
Quebec\ City,\ QC,\ Canada=Québec City, QC, Canada
Winnipeg,\ MB,\ Canada=Winnipeg, MB, Canada
+\ Baltimore,\ MD=+ Baltimore, MD
Calgary,\ AB,\ Canada=Calgary, AB, Canada
Seattle,\ WA,\ USA=Seattle, WA, USA
+\ San\ Antonio=+ San Antonio
Montreal,\ QC,\ Canada=Montréal, QC, Canada
Ottawa,\ ON,\ Canada=Ottawa, ON, Canada
Vancouver,\ BC,\ Canada=Vancouver, BC, Canada
Dallas,\ TX,\ USA=Dallas, TX, USA
+\ Boulder=+ Boulder
New\ York\ City,\ NY,\ USA=New York, NY, USA
Minneapolis,\ MN,\ USA=Minnéapolis, MN, USA
Darwin,\ NT,\ Australia=Darwin, NT, Australie
Space\ Coast,\ FL,\ USA=Space Coast, FL, USA
London,\ UK=Londres, RU
Mexico\ City,\ Mexico=Mexico, Mexique
+\ Launceston,\ Burnie=+ Launceston, Burnie
+\ Geelong=+ Geelong
